iso;country;year;age;educ;score;oecd_avg;adj_factor
51;Armenia;2015;15;1;257.5309611;256.2964279;1.004816818
51;Armenia;2015;15;2;263.4293922;274.7400014;0.958831589
51;Armenia;2015;20;1;242.3662261;228.5203541;1.060589229
51;Armenia;2015;20;2;254.373939;280.6633385;0.906331195
51;Armenia;2015;25;1;233.402847;221.9268472;1.051710732
51;Armenia;2015;25;2;251.167146;284.0089092;0.884363617
51;Armenia;2015;30;1;237.3808399;220.5048407;1.076533463
51;Armenia;2015;30;2;249.5397293;281.6560371;0.885973303
51;Armenia;2015;35;1;227.1468108;218.4231869;1.039939093
51;Armenia;2015;35;2;253.3189024;282.1194364;0.897913684
51;Armenia;2015;40;1;254.6916569;220.529862;1.154907796
51;Armenia;2015;40;2;248.6778334;279.7219405;0.889017976
51;Armenia;2015;45;1;234.1479871;217.6583691;1.075759173
51;Armenia;2015;45;2;245.724304;275.6841011;0.891325626
51;Armenia;2015;50;1;246.3843026;217.2121216;1.13430273
51;Armenia;2015;50;2;243.6127221;272.336376;0.894528765
51;Armenia;2015;55;1;217.7967883;212.5508421;1.024680901
51;Armenia;2015;55;2;240.4528396;268.3968391;0.895885512
51;Armenia;2015;60;1;232.1955487;211.9832538;1.095348545
51;Armenia;2015;60;2;241.7127057;265.4258749;0.910659919
36;Australia;2015;15;1;272.6368299;256.2964279;1.063755871
36;Australia;2015;15;2;298.0605999;274.7400014;1.084882428
36;Australia;2015;20;1;251.9446667;228.5203541;1.102504272
36;Australia;2015;20;2;287.9710999;280.6633385;1.026037463
36;Australia;2015;25;1;239.7872703;221.9268472;1.080478875
36;Australia;2015;25;2;290.939243;284.0089092;1.024401818
36;Australia;2015;30;1;243.4369799;220.5048407;1.103998348
36;Australia;2015;30;2;292.6348326;281.6560371;1.038979443
36;Australia;2015;35;1;244.3548054;218.4231869;1.118721913
36;Australia;2015;35;2;296.9972152;282.1194364;1.052735745
36;Australia;2015;40;1;252.3340673;220.529862;1.144217227
36;Australia;2015;40;2;292.3514973;279.7219405;1.045150397
36;Australia;2015;45;1;238.0891353;217.6583691;1.09386621
36;Australia;2015;45;2;289.9678306;275.6841011;1.051811945
36;Australia;2015;50;1;236.1223055;217.2121216;1.087058603
36;Australia;2015;50;2;284.0403757;272.336376;1.042976263
36;Australia;2015;55;1;235.5208889;212.5508421;1.108068481
36;Australia;2015;55;2;275.6531827;268.3968391;1.027035876
36;Australia;2015;60;1;236.2708294;211.9832538;1.114573086
36;Australia;2015;60;2;268.8366334;265.4258749;1.012850136
40;Austria;2015;15;1;264.3645305;256.2964279;1.031479575
40;Austria;2015;15;2;282.5173632;274.7400014;1.02830808
40;Austria;2015;20;1;247.9647283;228.5203541;1.08508815
40;Austria;2015;20;2;293.049592;280.6633385;1.044132068
40;Austria;2015;25;1;244.3979555;221.9268472;1.101254574
40;Austria;2015;25;2;290.4456556;284.0089092;1.022663889
40;Austria;2015;30;1;231.9427237;220.5048407;1.051871346
40;Austria;2015;30;2;282.6718235;281.6560371;1.003606479
40;Austria;2015;35;1;253.4197696;218.4231869;1.160223753
40;Austria;2015;35;2;283.2807706;282.1194364;1.004116463
40;Austria;2015;40;1;236.5049229;220.529862;1.072439446
40;Austria;2015;40;2;278.2574832;279.7219405;0.994764596
40;Austria;2015;45;1;239.3197478;217.6583691;1.099520082
40;Austria;2015;45;2;274.8792261;275.6841011;0.997080445
40;Austria;2015;50;1;240.8648227;217.2121216;1.108892178
40;Austria;2015;50;2;268.2918049;272.336376;0.98514862
40;Austria;2015;55;1;227.8963842;212.5508421;1.072197042
40;Austria;2015;55;2;258.8284007;268.3968391;0.964349661
40;Austria;2015;60;1;231.0033087;211.9832538;1.089724327
40;Austria;2015;60;2;253.3924412;265.4258749;0.954663675
56;Belgium;2015;15;1;272.9811273;256.2964279;1.065099227
56;Belgium;2015;15;2;284.9791411;274.7400014;1.037268471
56;Belgium;2015;20;1;250.4237257;228.5203541;1.095848668
56;Belgium;2015;20;2;294.9565064;280.6633385;1.050926381
56;Belgium;2015;25;1;243.4726734;221.9268472;1.097085263
56;Belgium;2015;25;2;290.9589227;284.0089092;1.024471111
56;Belgium;2015;30;1;221.1491455;220.5048407;1.002921953
56;Belgium;2015;30;2;292.4062185;281.6560371;1.038167765
56;Belgium;2015;35;1;224.6963865;218.4231869;1.028720392
56;Belgium;2015;35;2;284.6002826;282.1194364;1.008793603
56;Belgium;2015;40;1;230.0747751;220.529862;1.043281726
56;Belgium;2015;40;2;284.1600198;279.7219405;1.015866039
56;Belgium;2015;45;1;234.3727714;217.6583691;1.076791912
56;Belgium;2015;45;2;279.2497145;275.6841011;1.012933693
56;Belgium;2015;50;1;234.1443653;217.2121216;1.077952573
56;Belgium;2015;50;2;274.2578935;272.336376;1.007055677
56;Belgium;2015;55;1;229.4632043;212.5508421;1.079568549
56;Belgium;2015;55;2;267.8567903;268.3968391;0.997987872
56;Belgium;2015;60;1;234.5501053;211.9832538;1.106455822
56;Belgium;2015;60;2;265.3557039;265.4258749;0.999735629
68;Bolivia (Plurinational State of);2015;15;1;144.332702;256.2964279;0.563147536
68;Bolivia (Plurinational State of);2015;15;2;202.0637416;274.7400014;0.735472594
68;Bolivia (Plurinational State of);2015;20;1;81.64220524;228.5203541;0.357264479
68;Bolivia (Plurinational State of);2015;20;2;199.8131514;280.6633385;0.711931785
68;Bolivia (Plurinational State of);2015;25;1;120.0275507;221.9268472;0.54084286
68;Bolivia (Plurinational State of);2015;25;2;174.6300795;284.0089092;0.614875357
68;Bolivia (Plurinational State of);2015;30;1;128.2891508;220.5048407;0.581797435
68;Bolivia (Plurinational State of);2015;30;2;174.9901375;281.6560371;0.621290207
68;Bolivia (Plurinational State of);2015;35;1;109.3894692;218.4231869;0.500814363
68;Bolivia (Plurinational State of);2015;35;2;193.3927761;282.1194364;0.685499654
68;Bolivia (Plurinational State of);2015;40;1;115.5066938;220.529862;0.523768948
68;Bolivia (Plurinational State of);2015;40;2;181.2370205;279.7219405;0.647918501
68;Bolivia (Plurinational State of);2015;45;1;88.10883382;217.6583691;0.404803336
68;Bolivia (Plurinational State of);2015;45;2;169.633647;275.6841011;0.615318933
68;Bolivia (Plurinational State of);2015;50;1;74.27807333;217.2121216;0.341960995
68;Bolivia (Plurinational State of);2015;50;2;184.8420854;272.336376;0.678727125
68;Bolivia (Plurinational State of);2015;55;1;113.9768309;212.5508421;0.536233259
68;Bolivia (Plurinational State of);2015;55;2;132.2769971;268.3968391;0.492841114
68;Bolivia (Plurinational State of);2015;60;1;104.4097541;211.9832538;0.492537747
68;Bolivia (Plurinational State of);2015;60;2;154.5482576;265.4258749;0.582265228
124;Canada;2015;15;1;262.4434857;256.2964279;1.023984173
124;Canada;2015;15;2;280.2994508;274.7400014;1.020235311
124;Canada;2015;20;1;237.8247381;228.5203541;1.040715778
124;Canada;2015;20;2;285.1257304;280.6633385;1.015899447
124;Canada;2015;25;1;234.2286454;221.9268472;1.055431771
124;Canada;2015;25;2;290.9099363;284.0089092;1.024298629
124;Canada;2015;30;1;226.9520115;220.5048407;1.029238228
124;Canada;2015;30;2;287.9269531;281.6560371;1.022264447
124;Canada;2015;35;1;219.8448002;218.4231869;1.006508527
124;Canada;2015;35;2;285.9447251;282.1194364;1.013559111
124;Canada;2015;40;1;222.2095981;220.529862;1.007616819
124;Canada;2015;40;2;281.4761417;279.7219405;1.006271232
124;Canada;2015;45;1;209.5763171;217.6583691;0.962868177
124;Canada;2015;45;2;278.1505307;275.6841011;1.008946579
124;Canada;2015;50;1;209.9781588;217.2121216;0.966696321
124;Canada;2015;50;2;273.8136904;272.336376;1.005424594
124;Canada;2015;55;1;221.9237089;212.5508421;1.044097058
124;Canada;2015;55;2;271.2397276;268.3968391;1.010592108
124;Canada;2015;60;1;218.5729909;211.9832538;1.031086121
124;Canada;2015;60;2;267.06609;265.4258749;1.00617956
152;Chile;2015;15;1;223.7460296;256.2964279;0.872997066
152;Chile;2015;15;2;250.4117938;274.7400014;0.911450071
152;Chile;2015;20;1;191.924892;228.5203541;0.83985907
152;Chile;2015;20;2;244.4270331;280.6633385;0.870890493
152;Chile;2015;25;1;188.8737905;221.9268472;0.85106328
152;Chile;2015;25;2;240.3010541;284.0089092;0.84610393
152;Chile;2015;30;1;185.1491567;220.5048407;0.839660282
152;Chile;2015;30;2;240.8158565;281.6560371;0.854999804
152;Chile;2015;35;1;186.9696698;218.4231869;0.855997353
152;Chile;2015;35;2;231.2915589;282.1194364;0.819835605
152;Chile;2015;40;1;177.1936821;220.529862;0.80349065
152;Chile;2015;40;2;230.318426;279.7219405;0.823383484
152;Chile;2015;45;1;173.3211012;217.6583691;0.796298814
152;Chile;2015;45;2;226.7803394;275.6841011;0.822609423
152;Chile;2015;50;1;179.7625299;217.2121216;0.827589771
152;Chile;2015;50;2;213.4174055;272.336376;0.783653688
152;Chile;2015;55;1;172.2070603;212.5508421;0.810192322
152;Chile;2015;55;2;217.8583719;268.3968391;0.81170245
152;Chile;2015;60;1;171.1282828;211.9832538;0.807272649
152;Chile;2015;60;2;210.9014795;265.4258749;0.794577694
170;Colombia;2015;15;1;174.25977;256.2964279;0.679914938
170;Colombia;2015;15;2;225.3542598;274.7400014;0.820245536
170;Colombia;2015;20;1;188.1860488;228.5203541;0.823497975
170;Colombia;2015;20;2;224.822273;280.6633385;0.801038975
170;Colombia;2015;25;1;129.2619305;221.9268472;0.582452876
170;Colombia;2015;25;2;220.1327861;284.0089092;0.775091129
170;Colombia;2015;30;1;173.6576153;220.5048407;0.787545592
170;Colombia;2015;30;2;219.2367835;281.6560371;0.778384819
170;Colombia;2015;35;1;177.1258917;218.4231869;0.810929893
170;Colombia;2015;35;2;222.8757135;282.1194364;0.790004816
170;Colombia;2015;40;1;188.2446857;220.529862;0.853601793
170;Colombia;2015;40;2;212.9657862;279.7219405;0.761348165
170;Colombia;2015;45;1;199.2484453;217.6583691;0.915418259
170;Colombia;2015;45;2;213.2654518;275.6841011;0.773586329
170;Colombia;2015;50;1;165.2760919;217.2121216;0.760897185
170;Colombia;2015;50;2;204.3250133;272.336376;0.750267064
170;Colombia;2015;55;1;145.0476239;212.5508421;0.682413781
170;Colombia;2015;55;2;205.2829063;268.3968391;0.76484845
170;Colombia;2015;60;1;149.0421524;211.9832538;0.703084558
170;Colombia;2015;60;2;204.7755524;265.4258749;0.771498078
196;Cyprus;2015;15;1;261.5358691;256.2964279;1.020442896
196;Cyprus;2015;15;2;268.7348454;274.7400014;0.978142404
196;Cyprus;2015;20;1;237.3980503;228.5203541;1.038848602
196;Cyprus;2015;20;2;272.2810675;280.6633385;0.970134072
196;Cyprus;2015;25;1;248.9954255;221.9268472;1.121970725
196;Cyprus;2015;25;2;277.1005236;284.0089092;0.975675462
196;Cyprus;2015;30;1;250.3520388;220.5048407;1.135358471
196;Cyprus;2015;30;2;276.5889692;281.6560371;0.982009731
196;Cyprus;2015;35;1;251.0820168;218.4231869;1.149520893
196;Cyprus;2015;35;2;273.5405256;282.1194364;0.96959121
196;Cyprus;2015;40;1;248.7810656;220.529862;1.128106023
196;Cyprus;2015;40;2;274.1123737;279.7219405;0.979945918
196;Cyprus;2015;45;1;248.5876336;217.6583691;1.142100047
196;Cyprus;2015;45;2;276.8958007;275.6841011;1.004395247
196;Cyprus;2015;50;1;254.079932;217.2121216;1.169731828
196;Cyprus;2015;50;2;276.7159537;272.336376;1.016081501
196;Cyprus;2015;55;1;251.2187079;212.5508421;1.181922901
196;Cyprus;2015;55;2;273.7081013;268.3968391;1.01978884
196;Cyprus;2015;60;1;243.6779808;211.9832538;1.149515239
196;Cyprus;2015;60;2;270.9046369;265.4258749;1.020641401
203;Czech Republic;2015;15;1;275.7595089;256.2964279;1.075939728
203;Czech Republic;2015;15;2;273.214866;274.7400014;0.994448805
203;Czech Republic;2015;20;1;261.0889421;228.5203541;1.142519418
203;Czech Republic;2015;20;2;287.7795695;280.6633385;1.025355043
203;Czech Republic;2015;25;1;252.2349654;221.9268472;1.136568056
203;Czech Republic;2015;25;2;285.7911376;284.0089092;1.006275255
203;Czech Republic;2015;30;1;261.3026988;220.5048407;1.185020238
203;Czech Republic;2015;30;2;289.5156311;281.6560371;1.027904937
203;Czech Republic;2015;35;1;259.5314844;218.4231869;1.188204824
203;Czech Republic;2015;35;2;280.5603094;282.1194364;0.994473522
203;Czech Republic;2015;40;1;243.763913;220.529862;1.105355578
203;Czech Republic;2015;40;2;273.7276261;279.7219405;0.978570453
203;Czech Republic;2015;45;1;232.843212;217.6583691;1.069764572
203;Czech Republic;2015;45;2;273.7166677;275.6841011;0.99286345
203;Czech Republic;2015;50;1;235.3304771;217.2121216;1.083413188
203;Czech Republic;2015;50;2;266.1296727;272.336376;0.977209422
203;Czech Republic;2015;55;1;242.1272952;212.5508421;1.139150016
203;Czech Republic;2015;55;2;268.3652595;268.3968391;0.99988234
203;Czech Republic;2015;60;1;239.0007836;211.9832538;1.127451246
203;Czech Republic;2015;60;2;265.7667288;265.4258749;1.001284178
208;Denmark;2015;15;1;271.5302744;256.2964279;1.059438388
208;Denmark;2015;15;2;287.7630052;274.7400014;1.047401193
208;Denmark;2015;20;1;254.7329138;228.5203541;1.11470558
208;Denmark;2015;20;2;292.2082842;280.6633385;1.041134499
208;Denmark;2015;25;1;251.8163736;221.9268472;1.134681887
208;Denmark;2015;25;2;288.3088448;284.0089092;1.015140143
208;Denmark;2015;30;1;240.4566237;220.5048407;1.09048229
208;Denmark;2015;30;2;282.5665964;281.6560371;1.003232877
208;Denmark;2015;35;1;247.039544;218.4231869;1.131013367
208;Denmark;2015;35;2;289.2452074;282.1194364;1.025257994
208;Denmark;2015;40;1;237.337011;220.529862;1.076212576
208;Denmark;2015;40;2;283.7492195;279.7219405;1.014397437
208;Denmark;2015;45;1;236.1515327;217.6583691;1.084964174
208;Denmark;2015;45;2;276.1117454;275.6841011;1.001551211
208;Denmark;2015;50;1;237.3403092;217.2121216;1.092666042
208;Denmark;2015;50;2;268.7889587;272.336376;0.986974133
208;Denmark;2015;55;1;232.5616536;212.5508421;1.094146
208;Denmark;2015;55;2;265.2890465;268.3968391;0.988420905
208;Denmark;2015;60;1;227.5982286;211.9832538;1.07366136
208;Denmark;2015;60;2;255.9436367;265.4258749;0.964275382
218;Ecuador;2015;15;1;198.8709629;256.2964279;0.77594122
218;Ecuador;2015;15;2;214.841991;274.7400014;0.781982929
218;Ecuador;2015;20;1;173.6618672;228.5203541;0.759940479
218;Ecuador;2015;20;2;217.333063;280.6633385;0.774355013
218;Ecuador;2015;25;1;175.5817015;221.9268472;0.791169269
218;Ecuador;2015;25;2;214.5448833;284.0089092;0.755416032
218;Ecuador;2015;30;1;181.9753189;220.5048407;0.825266775
218;Ecuador;2015;30;2;210.0156693;281.6560371;0.7456459
218;Ecuador;2015;35;1;175.5745113;218.4231869;0.803827258
218;Ecuador;2015;35;2;205.4864944;282.1194364;0.728367024
218;Ecuador;2015;40;1;174.9681289;220.529862;0.793398804
218;Ecuador;2015;40;2;208.2849822;279.7219405;0.74461439
218;Ecuador;2015;45;1;175.3805357;217.6583691;0.805760589
218;Ecuador;2015;45;2;210.2013369;275.6841011;0.762471742
218;Ecuador;2015;50;1;167.7386549;217.2121216;0.772234319
218;Ecuador;2015;50;2;204.2837291;272.336376;0.750115472
218;Ecuador;2015;55;1;175.5942172;212.5508421;0.826128071
218;Ecuador;2015;55;2;205.2299698;268.3968391;0.764651217
218;Ecuador;2015;60;1;163.0188687;211.9832538;0.769017674
218;Ecuador;2015;60;2;205.4733927;265.4258749;0.774127213
233;Estonia;2015;15;1;277.7633966;256.2964279;1.083758361
233;Estonia;2015;15;2;294.9146729;274.7400014;1.073431868
233;Estonia;2015;20;1;260.2510769;228.5203541;1.138852939
233;Estonia;2015;20;2;297.1820676;280.6633385;1.058856027
233;Estonia;2015;25;1;247.1398214;221.9268472;1.113609392
233;Estonia;2015;25;2;293.1627737;284.0089092;1.032230906
233;Estonia;2015;30;1;251.7163194;220.5048407;1.141545549
233;Estonia;2015;30;2;289.2232953;281.6560371;1.026867019
233;Estonia;2015;35;1;242.0963522;218.4231869;1.108382107
233;Estonia;2015;35;2;284.7291156;282.1194364;1.009250264
233;Estonia;2015;40;1;247.0683007;220.529862;1.120339433
233;Estonia;2015;40;2;279.7792098;279.7219405;1.000204737
233;Estonia;2015;45;1;235.1081915;217.6583691;1.080170694
233;Estonia;2015;45;2;273.0618499;275.6841011;0.990488203
233;Estonia;2015;50;1;239.5247826;217.2121216;1.102722909
233;Estonia;2015;50;2;269.9979281;272.336376;0.991413384
233;Estonia;2015;55;1;238.0032877;212.5508421;1.119747564
233;Estonia;2015;55;2;265.6424606;268.3968391;0.989737664
233;Estonia;2015;60;1;239.7048515;211.9832538;1.130772583
233;Estonia;2015;60;2;264.7653168;265.4258749;0.997511328
246;Finland;2015;15;1;286.3580664;256.2964279;1.11729246
246;Finland;2015;15;2;291.120521;274.7400014;1.059621896
246;Finland;2015;20;1;269.4062826;228.5203541;1.178915916
246;Finland;2015;20;2;310.6252542;280.6633385;1.106753935
246;Finland;2015;25;1;271.38297;221.9268472;1.222848761
246;Finland;2015;25;2;309.3638847;284.0089092;1.089275282
246;Finland;2015;30;1;257.8318015;220.5048407;1.169279552
246;Finland;2015;30;2;309.5770931;281.6560371;1.099131751
246;Finland;2015;35;1;272.3603846;218.4231869;1.246938974
246;Finland;2015;35;2;303.0028503;282.1194364;1.074023308
246;Finland;2015;40;1;268.9390879;220.529862;1.219513246
246;Finland;2015;40;2;294.4314543;279.7219405;1.0525862
246;Finland;2015;45;1;255.5414477;217.6583691;1.174048344
246;Finland;2015;45;2;291.825381;275.6841011;1.058549912
246;Finland;2015;50;1;258.1211491;217.2121216;1.188336761
246;Finland;2015;50;2;281.2057369;272.336376;1.032567669
246;Finland;2015;55;1;248.1981876;212.5508421;1.167712088
246;Finland;2015;55;2;271.6745562;268.3968391;1.012212204
246;Finland;2015;60;1;237.2719852;211.9832538;1.119295892
246;Finland;2015;60;2;262.9759345;265.4258749;0.990769776
250;France;2015;15;1;261.4993143;256.2964279;1.020300269
250;France;2015;15;2;275.263289;274.7400014;1.001904665
250;France;2015;20;1;226.9875723;228.5203541;0.993292581
250;France;2015;20;2;286.2634975;280.6633385;1.019953297
250;France;2015;25;1;224.2597927;221.9268472;1.010512227
250;France;2015;25;2;289.3458754;284.0089092;1.018791545
250;France;2015;30;1;217.4278206;220.5048407;0.986045566
250;France;2015;30;2;287.41446;281.6560371;1.020444877
250;France;2015;35;1;221.1276325;218.4231869;1.012381678
250;France;2015;35;2;281.1663364;282.1194364;0.996621644
250;France;2015;40;1;202.6382784;220.529862;0.918870019
250;France;2015;40;2;275.7161502;279.7219405;0.985679385
250;France;2015;45;1;207.6065676;217.6583691;0.953818447
250;France;2015;45;2;268.3778188;275.6841011;0.973497629
250;France;2015;50;1;218.1994351;217.2121216;1.004545389
250;France;2015;50;2;264.619426;272.336376;0.971663903
250;France;2015;55;1;215.3537634;212.5508421;1.013187062
250;France;2015;55;2;258.3198296;268.3968391;0.962454813
250;France;2015;60;1;217.2961915;211.9832538;1.025063006
250;France;2015;60;2;260.4131886;265.4258749;0.981114553
268;Georgia;2015;15;1;250.4298508;256.2964279;0.977110188
268;Georgia;2015;15;2;259.9710801;274.7400014;0.946244008
268;Georgia;2015;20;1;211.5537839;228.5203541;0.925754665
268;Georgia;2015;20;2;255.0845111;280.6633385;0.908862955
268;Georgia;2015;25;1;218.9579365;221.9268472;0.98662212
268;Georgia;2015;25;2;240.0009015;284.0089092;0.845047087
268;Georgia;2015;30;1;217.8101488;220.5048407;0.987779443
268;Georgia;2015;30;2;236.8603623;281.6560371;0.840956099
268;Georgia;2015;35;1;253.1446824;218.4231869;1.15896433
268;Georgia;2015;35;2;234.6789255;282.1194364;0.831842458
268;Georgia;2015;40;1;255.266561;220.529862;1.157514718
268;Georgia;2015;40;2;235.9716755;279.7219405;0.843593731
268;Georgia;2015;45;1;202.708493;217.6583691;0.93131495
268;Georgia;2015;45;2;230.0851537;275.6841011;0.834597109
268;Georgia;2015;50;1;181.4001567;217.2121216;0.835129068
268;Georgia;2015;50;2;231.251669;272.336376;0.849139848
268;Georgia;2015;55;1;205.1829093;212.5508421;0.965335669
268;Georgia;2015;55;2;221.5130941;268.3968391;0.82531931
268;Georgia;2015;60;1;220.2877;211.9832538;1.03917501
268;Georgia;2015;60;2;222.3112001;265.4258749;0.837564161
276;Germany;2015;15;1;271.0731818;256.2964279;1.057654935
276;Germany;2015;15;2;295.1772826;274.7400014;1.074387716
276;Germany;2015;20;1;254.4981599;228.5203541;1.113678302
276;Germany;2015;20;2;291.9668374;280.6633385;1.040274227
276;Germany;2015;25;1;234.6561913;221.9268472;1.057358288
276;Germany;2015;25;2;289.1175737;284.0089092;1.017987691
276;Germany;2015;30;1;220.856018;220.5048407;1.001592606
276;Germany;2015;30;2;285.4545693;281.6560371;1.013486422
276;Germany;2015;35;1;224.5546842;218.4231869;1.028071641
276;Germany;2015;35;2;281.3245989;282.1194364;0.997182621
276;Germany;2015;40;1;227.1533843;220.529862;1.030034582
276;Germany;2015;40;2;281.7337201;279.7219405;1.00719207
276;Germany;2015;45;1;209.467077;217.6583691;0.962366289
276;Germany;2015;45;2;271.8190604;275.6841011;0.985980183
276;Germany;2015;50;1;215.3332037;217.2121216;0.991349848
276;Germany;2015;50;2;263.5374587;272.336376;0.967690995
276;Germany;2015;55;1;219.0732178;212.5508421;1.030686191
276;Germany;2015;55;2;263.0824482;268.3968391;0.980199502
276;Germany;2015;60;1;227.1495495;211.9832538;1.071544782
276;Germany;2015;60;2;248.9512279;265.4258749;0.93793127
288;Ghana;2015;15;1;90.24589783;256.2964279;0.352115317
288;Ghana;2015;15;2;168.4840975;274.7400014;0.613249242
288;Ghana;2015;20;1;65.38702977;228.5203541;0.286132192
288;Ghana;2015;20;2;138.3178156;280.6633385;0.492824665
288;Ghana;2015;25;1;53.99896778;221.9268472;0.243318771
288;Ghana;2015;25;2;107.1428682;284.0089092;0.377251786
288;Ghana;2015;30;1;61.07031875;220.5048407;0.276956817
288;Ghana;2015;30;2;102.1914882;281.6560371;0.36282371
288;Ghana;2015;35;1;56.59982887;218.4231869;0.259129215
288;Ghana;2015;35;2;89.12765822;282.1194364;0.315921722
288;Ghana;2015;40;1;79.99090706;220.529862;0.362721431
288;Ghana;2015;40;2;116.3663539;279.7219405;0.416007245
288;Ghana;2015;45;1;94.58840473;217.6583691;0.43457279
288;Ghana;2015;45;2;121.1076152;275.6841011;0.439298512
288;Ghana;2015;50;1;86.03572168;217.2121216;0.396090794
288;Ghana;2015;50;2;144.4420903;272.336376;0.530381187
288;Ghana;2015;55;1;56.80433275;212.5508421;0.267250565
288;Ghana;2015;55;2;131.5605958;268.3968391;0.490171927
288;Ghana;2015;60;1;95.63391575;211.9832538;0.451139012
288;Ghana;2015;60;2;154.2149699;265.4258749;0.581009557
300;Greece;2015;15;1;247.9791455;256.2964279;0.967548192
300;Greece;2015;15;2;266.1257054;274.7400014;0.968645643
300;Greece;2015;20;1;219.3663815;228.5203541;0.959942419
300;Greece;2015;20;2;261.8560583;280.6633385;0.932989894
300;Greece;2015;25;1;219.7100824;221.9268472;0.990011281
300;Greece;2015;25;2;254.7391723;284.0089092;0.896940779
300;Greece;2015;30;1;235.0370174;220.5048407;1.065904116
300;Greece;2015;30;2;262.4175065;281.6560371;0.931694947
300;Greece;2015;35;1;232.359843;218.4231869;1.063805754
300;Greece;2015;35;2;261.2485445;282.1194364;0.926021078
300;Greece;2015;40;1;226.4741667;220.529862;1.026954647
300;Greece;2015;40;2;264.5181064;279.7219405;0.945646616
300;Greece;2015;45;1;239.6316557;217.6583691;1.100953098
300;Greece;2015;45;2;265.4746927;275.6841011;0.962967004
300;Greece;2015;50;1;239.4593986;217.2121216;1.102421895
300;Greece;2015;50;2;258.3733989;272.336376;0.948728931
300;Greece;2015;55;1;235.9571514;212.5508421;1.11012099
300;Greece;2015;55;2;259.7546264;268.3968391;0.967800616
300;Greece;2015;60;1;235.7236299;211.9832538;1.111991752
300;Greece;2015;60;2;264.1378445;265.4258749;0.995147307
348;Hungary;2015;15;1;262.3093533;256.2964279;1.023460824
348;Hungary;2015;15;2;283.0514842;274.7400014;1.030252176
348;Hungary;2015;20;1;221.9641069;228.5203541;0.971310008
348;Hungary;2015;20;2;283.026714;280.6633385;1.008420678
348;Hungary;2015;25;1;222.5162461;221.9268472;1.002655825
348;Hungary;2015;25;2;281.1475766;284.0089092;0.989925201
348;Hungary;2015;30;1;222.5461504;220.5048407;1.009257437
348;Hungary;2015;30;2;277.2051372;281.6560371;0.984197392
348;Hungary;2015;35;1;220.0692547;218.4231869;1.007536141
348;Hungary;2015;35;2;274.5639306;282.1194364;0.973218769
348;Hungary;2015;40;1;219.8968421;220.529862;0.99712955
348;Hungary;2015;40;2;273.9543841;279.7219405;0.979381108
348;Hungary;2015;45;1;220.4201113;217.6583691;1.012688427
348;Hungary;2015;45;2;270.065105;275.6841011;0.97961799
348;Hungary;2015;50;1;214.995901;217.2121216;0.989796975
348;Hungary;2015;50;2;263.2413701;272.336376;0.966603779
348;Hungary;2015;55;1;212.8190987;212.5508421;1.001262082
348;Hungary;2015;55;2;256.9639248;268.3968391;0.957402947
348;Hungary;2015;60;1;210.8207347;211.9832538;0.994515986
348;Hungary;2015;60;2;247.979152;265.4258749;0.934268945
372;Ireland;2015;15;1;250.6872471;256.2964279;0.978114479
372;Ireland;2015;15;2;274.79131;274.7400014;1.000186753
372;Ireland;2015;20;1;214.7816783;228.5203541;0.93987986
372;Ireland;2015;20;2;277.3573239;280.6633385;0.988220711
372;Ireland;2015;25;1;229.6230568;221.9268472;1.034679038
372;Ireland;2015;25;2;278.4301028;284.0089092;0.980356932
372;Ireland;2015;30;1;231.3380563;220.5048407;1.049129151
372;Ireland;2015;30;2;282.7217246;281.6560371;1.003783649
372;Ireland;2015;35;1;222.0619323;218.4231869;1.016659153
372;Ireland;2015;35;2;283.7265287;282.1194364;1.005696496
372;Ireland;2015;40;1;228.0167847;220.529862;1.0339497
372;Ireland;2015;40;2;282.1140438;279.7219405;1.008551718
372;Ireland;2015;45;1;229.9473035;217.6583691;1.056459738
372;Ireland;2015;45;2;269.29526;275.6841011;0.976825501
372;Ireland;2015;50;1;237.9336211;217.2121216;1.095397528
372;Ireland;2015;50;2;272.7242357;272.336376;1.001424194
372;Ireland;2015;55;1;229.8778522;212.5508421;1.081519367
372;Ireland;2015;55;2;267.8739144;268.3968391;0.998051673
372;Ireland;2015;60;1;231.7206203;211.9832538;1.09310814
372;Ireland;2015;60;2;271.1531002;265.4258749;1.021577494
376;Israel;2015;15;1;263.3371659;256.2964279;1.027471074
376;Israel;2015;15;2;265.6763272;274.7400014;0.967009994
376;Israel;2015;20;1;219.5512623;228.5203541;0.960751453
376;Israel;2015;20;2;265.8581348;280.6633385;0.947249243
376;Israel;2015;25;1;211.5169251;221.9268472;0.953093003
376;Israel;2015;25;2;273.3158133;284.0089092;0.962349435
376;Israel;2015;30;1;214.9095902;220.5048407;0.974625271
376;Israel;2015;30;2;267.2463551;281.6560371;0.948839435
376;Israel;2015;35;1;210.6410293;218.4231869;0.964371193
376;Israel;2015;35;2;262.6112135;282.1194364;0.930851191
376;Israel;2015;40;1;197.6587493;220.529862;0.896290178
376;Israel;2015;40;2;259.1115375;279.7219405;0.926318247
376;Israel;2015;45;1;197.4487843;217.6583691;0.907149976
376;Israel;2015;45;2;256.9959579;275.6841011;0.932211749
376;Israel;2015;50;1;185.397456;217.2121216;0.853531813
376;Israel;2015;50;2;256.5168449;272.336376;0.941911795
376;Israel;2015;55;1;189.1446972;212.5508421;0.889879782
376;Israel;2015;55;2;242.4841063;268.3968391;0.903453659
376;Israel;2015;60;1;181.0812298;211.9832538;0.854224221
376;Israel;2015;60;2;240.291446;265.4258749;0.90530528
380;Italy;2015;15;1;266.1492085;256.2964279;1.03844291
380;Italy;2015;15;2;264.4582323;274.7400014;0.962576367
380;Italy;2015;20;1;227.0370067;228.5203541;0.993508905
380;Italy;2015;20;2;272.4468025;280.6633385;0.970724584
380;Italy;2015;25;1;235.1869389;221.9268472;1.059749832
380;Italy;2015;25;2;272.8253115;284.0089092;0.96062237
380;Italy;2015;30;1;227.5538685;220.5048407;1.031967678
380;Italy;2015;30;2;270.2905669;281.6560371;0.959647696
380;Italy;2015;35;1;232.5718859;218.4231869;1.064776543
380;Italy;2015;35;2;269.6859211;282.1194364;0.955928186
380;Italy;2015;40;1;235.2003927;220.529862;1.06652401
380;Italy;2015;40;2;271.1847343;279.7219405;0.969479669
380;Italy;2015;45;1;234.8059234;217.6583691;1.078781966
380;Italy;2015;45;2;269.3130901;275.6841011;0.976890176
380;Italy;2015;50;1;235.7273366;217.2121216;1.085240247
380;Italy;2015;50;2;268.0236996;272.336376;0.984164156
380;Italy;2015;55;1;231.6479238;212.5508421;1.089847123
380;Italy;2015;55;2;257.965081;268.3968391;0.961133081
380;Italy;2015;60;1;226.7130186;211.9832538;1.069485511
380;Italy;2015;60;2;256.4300739;265.4258749;0.966108048
392;Japan;2015;15;1;290.9728306;256.2964279;1.135298034
392;Japan;2015;15;2;305.5855177;274.7400014;1.112271661
392;Japan;2015;20;1;273.3653588;228.5203541;1.196240746
392;Japan;2015;20;2;305.5969805;280.6633385;1.088838258
392;Japan;2015;25;1;265.0677669;221.9268472;1.194392523
392;Japan;2015;25;2;312.5622999;284.0089092;1.100536954
392;Japan;2015;30;1;292.694436;220.5048407;1.327383268
392;Japan;2015;30;2;311.0125317;281.6560371;1.104228175
392;Japan;2015;35;1;287.0952858;218.4231869;1.314399309
392;Japan;2015;35;2;309.9805471;282.1194364;1.098756438
392;Japan;2015;40;1;282.5338535;220.529862;1.281159163
392;Japan;2015;40;2;307.861764;279.7219405;1.100599272
392;Japan;2015;45;1;271.5454638;217.6583691;1.247576488
392;Japan;2015;45;2;301.343543;275.6841011;1.093075523
392;Japan;2015;50;1;255.0883568;217.2121216;1.174374408
392;Japan;2015;50;2;295.9662093;272.336376;1.086767084
392;Japan;2015;55;1;256.5890749;212.5508421;1.207189171
392;Japan;2015;55;2;288.6026952;268.3968391;1.07528351
392;Japan;2015;60;1;242.7184658;211.9832538;1.144988868
392;Japan;2015;60;2;275.804102;265.4258749;1.039100284
398;Kazakhstan;2015;15;1;250.0364591;256.2964279;0.975575279
398;Kazakhstan;2015;15;2;250.1520092;274.7400014;0.910504506
398;Kazakhstan;2015;20;1;237.668627;228.5203541;1.040032639
398;Kazakhstan;2015;20;2;250.8208235;280.6633385;0.893671489
398;Kazakhstan;2015;25;1;237.0452081;221.9268472;1.068123173
398;Kazakhstan;2015;25;2;247.0693355;284.0089092;0.869935159
398;Kazakhstan;2015;30;1;240.931984;220.5048407;1.092638072
398;Kazakhstan;2015;30;2;250.5420173;281.6560371;0.889531856
398;Kazakhstan;2015;35;1;234.9011616;218.4231869;1.075440593
398;Kazakhstan;2015;35;2;251.1566824;282.1194364;0.890249483
398;Kazakhstan;2015;40;1;227.2422054;220.529862;1.030437345
398;Kazakhstan;2015;40;2;248.3479318;279.7219405;0.887838585
398;Kazakhstan;2015;45;1;231.5993714;217.6583691;1.064049925
398;Kazakhstan;2015;45;2;247.9069255;275.6841011;0.899242737
398;Kazakhstan;2015;50;1;239.162076;217.2121216;1.101053082
398;Kazakhstan;2015;50;2;244.1212029;272.336376;0.896395871
398;Kazakhstan;2015;55;1;242.58415;212.5508421;1.141299407
398;Kazakhstan;2015;55;2;251.1150834;268.3968391;0.93561118
398;Kazakhstan;2015;60;1;231.2412052;211.9832538;1.090846569
398;Kazakhstan;2015;60;2;249.4074295;265.4258749;0.939650023
404;Kenya;2015;15;1;139.2752275;256.2964279;0.543414626
404;Kenya;2015;15;2;159.7904231;274.7400014;0.581605963
404;Kenya;2015;20;1;105.3900539;228.5203541;0.461184538
404;Kenya;2015;20;2;163.5079691;280.6633385;0.582576869
404;Kenya;2015;25;1;93.5214246;221.9268472;0.421406539
404;Kenya;2015;25;2;160.4259317;284.0089092;0.564862321
404;Kenya;2015;30;1;85.96710972;220.5048407;0.389864955
404;Kenya;2015;30;2;155.8756046;281.6560371;0.553425398
404;Kenya;2015;35;1;100.226904;218.4231869;0.458865679
404;Kenya;2015;35;2;168.07242;282.1194364;0.59574917
404;Kenya;2015;40;1;99.94600102;220.529862;0.453208468
404;Kenya;2015;40;2;137.7993516;279.7219405;0.492629757
404;Kenya;2015;45;1;109.0602133;217.6583691;0.501061428
404;Kenya;2015;45;2;131.5258852;275.6841011;0.47708912
404;Kenya;2015;50;1;90.52190949;217.2121216;0.416744281
404;Kenya;2015;50;2;136.5331374;272.336376;0.501340068
404;Kenya;2015;55;1;52.0999618;212.5508421;0.245117645
404;Kenya;2015;55;2;156.0049361;268.3968391;0.581247293
404;Kenya;2015;60;1;81.07891746;211.9832538;0.382477936
404;Kenya;2015;60;2;131.5512971;265.4258749;0.495623485
440;Lithuania;2015;15;1;272.7667742;256.2964279;1.064262879
440;Lithuania;2015;15;2;278.252799;274.7400014;1.012785898
440;Lithuania;2015;20;1;250.4348946;228.5203541;1.095897543
440;Lithuania;2015;20;2;283.10162;280.6633385;1.008687567
440;Lithuania;2015;25;1;254.1300476;221.9268472;1.145107277
440;Lithuania;2015;25;2;283.7567201;284.0089092;0.999112038
440;Lithuania;2015;30;1;241.7059735;220.5048407;1.096148151
440;Lithuania;2015;30;2;275.7455627;281.6560371;0.979015275
440;Lithuania;2015;35;1;246.9788148;218.4231869;1.130735332
440;Lithuania;2015;35;2;273.3289921;282.1194364;0.968841409
440;Lithuania;2015;40;1;252.6919917;220.529862;1.145840248
440;Lithuania;2015;40;2;267.0462352;279.7219405;0.954684622
440;Lithuania;2015;45;1;223.0549624;217.6583691;1.02479387
440;Lithuania;2015;45;2;265.9685341;275.6841011;0.964758334
440;Lithuania;2015;50;1;212.5886598;217.2121216;0.978714531
440;Lithuania;2015;50;2;259.3052319;272.336376;0.952150556
440;Lithuania;2015;55;1;206.1642105;212.5508421;0.969952452
440;Lithuania;2015;55;2;257.5117002;268.3968391;0.959443863
440;Lithuania;2015;60;1;249.873719;211.9832538;1.178742729
440;Lithuania;2015;60;2;259.1706713;265.4258749;0.976433332
484;Mexico;2015;15;1;219.7589812;256.2964279;0.857440671
484;Mexico;2015;15;2;245.3279173;274.7400014;0.892945752
484;Mexico;2015;20;1;211.7979901;228.5203541;0.926823306
484;Mexico;2015;20;2;251.1007953;280.6633385;0.894669025
484;Mexico;2015;25;1;208.5014173;221.9268472;0.939505156
484;Mexico;2015;25;2;252.7866494;284.0089092;0.890065914
484;Mexico;2015;30;1;205.8607194;220.5048407;0.933588209
484;Mexico;2015;30;2;249.5217955;281.6560371;0.88590963
484;Mexico;2015;35;1;206.6908922;218.4231869;0.946286405
484;Mexico;2015;35;2;247.8732942;282.1194364;0.878611192
484;Mexico;2015;40;1;204.7930156;220.529862;0.928640746
484;Mexico;2015;40;2;246.4505005;279.7219405;0.881055308
484;Mexico;2015;45;1;197.4597957;217.6583691;0.907200567
484;Mexico;2015;45;2;243.5030718;275.6841011;0.883268461
484;Mexico;2015;50;1;191.4956857;217.2121216;0.88160681
484;Mexico;2015;50;2;237.3041213;272.336376;0.871364027
484;Mexico;2015;55;1;188.9241553;212.5508421;0.888842187
484;Mexico;2015;55;2;239.7106705;268.3968391;0.893120318
484;Mexico;2015;60;1;178.377374;211.9832538;0.841469176
484;Mexico;2015;60;2;232.2530789;265.4258749;0.87502049
528;Netherlands;2015;15;1;278.5934788;256.2964279;1.086997119
528;Netherlands;2015;15;2;302.8139482;274.7400014;1.102183689
528;Netherlands;2015;20;1;267.8439559;228.5203541;1.172079209
528;Netherlands;2015;20;2;308.7634046;280.6633385;1.100120188
528;Netherlands;2015;25;1;263.7573654;221.9268472;1.188487868
528;Netherlands;2015;25;2;308.1214956;284.0089092;1.08490081
528;Netherlands;2015;30;1;248.9575748;220.5048407;1.12903451
528;Netherlands;2015;30;2;306.904943;281.6560371;1.089644469
528;Netherlands;2015;35;1;250.2108751;218.4231869;1.145532572
528;Netherlands;2015;35;2;306.2251452;282.1194364;1.085445048
528;Netherlands;2015;40;1;252.0551205;220.529862;1.142952334
528;Netherlands;2015;40;2;304.1159789;279.7219405;1.087208169
528;Netherlands;2015;45;1;239.5787563;217.6583691;1.100710059
528;Netherlands;2015;45;2;293.5206101;275.6841011;1.064699085
528;Netherlands;2015;50;1;241.7629915;217.2121216;1.113027163
528;Netherlands;2015;50;2;285.6914259;272.336376;1.049038803
528;Netherlands;2015;55;1;237.365535;212.5508421;1.116747093
528;Netherlands;2015;55;2;276.8759266;268.3968391;1.031591607
528;Netherlands;2015;60;1;235.8741213;211.9832538;1.112701674
528;Netherlands;2015;60;2;272.2659832;265.4258749;1.025770315
554;New Zealand;2015;15;1;258.7019295;256.2964279;1.009385623
554;New Zealand;2015;15;2;283.742579;274.7400014;1.032767626
554;New Zealand;2015;20;1;230.3667073;228.5203541;1.008079601
554;New Zealand;2015;20;2;288.6261985;280.6633385;1.028371572
554;New Zealand;2015;25;1;241.5602571;221.9268472;1.088467935
554;New Zealand;2015;25;2;290.0817653;284.0089092;1.021382626
554;New Zealand;2015;30;1;238.8354108;220.5048407;1.083130012
554;New Zealand;2015;30;2;288.6413952;281.6560371;1.024801024
554;New Zealand;2015;35;1;241.2191667;218.4231869;1.104366117
554;New Zealand;2015;35;2;294.3179065;282.1194364;1.043238673
554;New Zealand;2015;40;1;243.7682688;220.529862;1.105375329
554;New Zealand;2015;40;2;291.773645;279.7219405;1.043084588
554;New Zealand;2015;45;1;234.0956085;217.6583691;1.075518527
554;New Zealand;2015;45;2;289.020039;275.6841011;1.048373983
554;New Zealand;2015;50;1;229.5346494;217.2121216;1.056730387
554;New Zealand;2015;50;2;289.5278193;272.336376;1.063125769
554;New Zealand;2015;55;1;229.0200282;212.5508421;1.077483513
554;New Zealand;2015;55;2;283.8681331;268.3968391;1.057643354
554;New Zealand;2015;60;1;218.0053129;211.9832538;1.028408183
554;New Zealand;2015;60;2;269.7675948;265.4258749;1.016357561
578;Norway;2015;15;1;268.3207187;256.2964279;1.046915561
578;Norway;2015;15;2;279.4972771;274.7400014;1.017315555
578;Norway;2015;20;1;256.6556464;228.5203541;1.123119415
578;Norway;2015;20;2;292.6911436;280.6633385;1.042854921
578;Norway;2015;25;1;256.9131048;221.9268472;1.157647703
578;Norway;2015;25;2;295.8528376;284.0089092;1.041702665
578;Norway;2015;30;1;258.0186364;220.5048407;1.170126857
578;Norway;2015;30;2;294.0907817;281.6560371;1.044148688
578;Norway;2015;35;1;263.9898221;218.4231869;1.208616291
578;Norway;2015;35;2;290.9090454;282.1194364;1.031155631
578;Norway;2015;40;1;263.4305705;220.529862;1.194534691
578;Norway;2015;40;2;288.8485558;279.7219405;1.032627456
578;Norway;2015;45;1;258.0775835;217.6583691;1.185700254
578;Norway;2015;45;2;285.1223115;275.6841011;1.0342356
578;Norway;2015;50;1;254.307943;217.2121216;1.170781543
578;Norway;2015;50;2;275.8743323;272.336376;1.012991126
578;Norway;2015;55;1;248.5627684;212.5508421;1.169427351
578;Norway;2015;55;2;267.1311035;268.3968391;0.995284089
578;Norway;2015;60;1;242.8938721;211.9832538;1.145816321
578;Norway;2015;60;2;262.0266902;265.4258749;0.987193469
604;Peru;2015;15;1;194.7035498;256.2964279;0.75968109
604;Peru;2015;15;2;221.7443052;274.7400014;0.807106006
604;Peru;2015;20;1;178.0866164;228.5203541;0.779303082
604;Peru;2015;20;2;222.6536695;280.6633385;0.793312268
604;Peru;2015;25;1;171.7020449;221.9268472;0.773687578
604;Peru;2015;25;2;219.9707528;284.0089092;0.774520607
604;Peru;2015;30;1;160.7995982;220.5048407;0.729233869
604;Peru;2015;30;2;213.2538367;281.6560371;0.757142786
604;Peru;2015;35;1;160.6017947;218.4231869;0.73527814
604;Peru;2015;35;2;215.8544876;282.1194364;0.765117393
604;Peru;2015;40;1;154.572075;220.529862;0.700912219
604;Peru;2015;40;2;201.894046;279.7219405;0.721766929
604;Peru;2015;45;1;158.0775601;217.6583691;0.726264562
604;Peru;2015;45;2;209.4584557;275.6841011;0.759777059
604;Peru;2015;50;1;151.4988331;217.2121216;0.697469515
604;Peru;2015;50;2;207.0225994;272.336376;0.76017241
604;Peru;2015;55;1;153.1538745;212.5508421;0.720551718
604;Peru;2015;55;2;201.637689;268.3968391;0.751267003
604;Peru;2015;60;1;152.0779798;211.9832538;0.71740563
604;Peru;2015;60;2;209.123624;265.4258749;0.78787957
616;Poland;2015;15;1;275.6743581;256.2964279;1.075607492
616;Poland;2015;15;2;285.2125029;274.7400014;1.038117862
616;Poland;2015;20;1;246.3669846;228.5203541;1.078096459
616;Poland;2015;20;2;284.3572128;280.6633385;1.013161229
616;Poland;2015;25;1;243.799986;221.9268472;1.09856013
616;Poland;2015;25;2;278.9272782;284.0089092;0.982107494
616;Poland;2015;30;1;232.3485679;220.5048407;1.053711869
616;Poland;2015;30;2;272.1285023;281.6560371;0.966173156
616;Poland;2015;35;1;235.5429725;218.4231869;1.078378976
616;Poland;2015;35;2;273.5469724;282.1194364;0.969614061
616;Poland;2015;40;1;239.3455262;220.529862;1.085320256
616;Poland;2015;40;2;266.9760349;279.7219405;0.954433658
616;Poland;2015;45;1;235.2848519;217.6583691;1.080982334
616;Poland;2015;45;2;266.2110198;275.6841011;0.965637912
616;Poland;2015;50;1;222.6524525;217.2121216;1.025046166
616;Poland;2015;50;2;257.6681811;272.336376;0.946139421
616;Poland;2015;55;1;225.176778;212.5508421;1.059401956
616;Poland;2015;55;2;256.9144377;268.3968391;0.957218567
616;Poland;2015;60;1;219.7289859;211.9832538;1.036539358
616;Poland;2015;60;2;251.1305215;265.4258749;0.946141824
410;Republic of Korea;2015;15;1;290.7440796;256.2964279;1.134405508
410;Republic of Korea;2015;15;2;294.8900744;274.7400014;1.073342334
410;Republic of Korea;2015;20;1;220.3605432;228.5203541;0.964292849
410;Republic of Korea;2015;20;2;295.3871575;280.6633385;1.052460785
410;Republic of Korea;2015;25;1;248.9393878;221.9268472;1.121718219
410;Republic of Korea;2015;25;2;293.2106919;284.0089092;1.032399627
410;Republic of Korea;2015;30;1;245.6878947;220.5048407;1.114206354
410;Republic of Korea;2015;30;2;289.4057525;281.6560371;1.027514821
410;Republic of Korea;2015;35;1;244.7024164;218.4231869;1.120313369
410;Republic of Korea;2015;35;2;287.8522334;282.1194364;1.020320461
410;Republic of Korea;2015;40;1;231.5300614;220.529862;1.049880771
410;Republic of Korea;2015;40;2;275.9139286;279.7219405;0.986386438
410;Republic of Korea;2015;45;1;233.8904865;217.6583691;1.074576124
410;Republic of Korea;2015;45;2;270.1796316;275.6841011;0.980033417
410;Republic of Korea;2015;50;1;231.0480844;217.2121216;1.063697931
410;Republic of Korea;2015;50;2;265.399753;272.336376;0.974529209
410;Republic of Korea;2015;55;1;233.8089842;212.5508421;1.100014387
410;Republic of Korea;2015;55;2;266.1299332;268.3968391;0.991553902
410;Republic of Korea;2015;60;1;224.9735667;211.9832538;1.061279902
410;Republic of Korea;2015;60;2;262.6196423;265.4258749;0.989427434
643;Russian Federation;2015;15;1;262.3209711;256.2964279;1.023506153
643;Russian Federation;2015;15;2;279.9506113;274.7400014;1.018965603
643;Russian Federation;2015;20;1;235.2234588;228.5203541;1.029332638
643;Russian Federation;2015;20;2;274.2894915;280.6633385;0.977290062
643;Russian Federation;2015;25;1;254.356217;221.9268472;1.146126394
643;Russian Federation;2015;25;2;269.3058503;284.0089092;0.94823029
643;Russian Federation;2015;30;1;224.0230921;220.5048407;1.015955438
643;Russian Federation;2015;30;2;264.2862757;281.6560371;0.938329881
643;Russian Federation;2015;35;1;231.6182439;218.4231869;1.060410514
643;Russian Federation;2015;35;2;274.495947;282.1194364;0.972977794
643;Russian Federation;2015;40;1;284.6614;220.529862;1.290806594
643;Russian Federation;2015;40;2;286.3217205;279.7219405;1.023594073
643;Russian Federation;2015;45;1;282.2929224;217.6583691;1.296954138
643;Russian Federation;2015;45;2;279.5010439;275.6841011;1.01384535
643;Russian Federation;2015;50;1;262.7988926;217.2121216;1.209872132
643;Russian Federation;2015;50;2;265.8605162;272.336376;0.976221099
643;Russian Federation;2015;55;1;260.2581684;212.5508421;1.224451363
643;Russian Federation;2015;55;2;278.513502;268.3968391;1.037692928
643;Russian Federation;2015;60;1;243.0345904;211.9832538;1.146480139
643;Russian Federation;2015;60;2;274.3566486;265.4258749;1.03364696
702;Singapore;2015;15;1;273.3383098;256.2964279;1.066492858
702;Singapore;2015;15;2;286.3334368;274.7400014;1.042197843
702;Singapore;2015;20;1;209.5107586;228.5203541;0.916814432
702;Singapore;2015;20;2;285.2401241;280.6633385;1.016307031
702;Singapore;2015;25;1;197.8729412;221.9268472;0.891613357
702;Singapore;2015;25;2;290.4720237;284.0089092;1.022756732
702;Singapore;2015;30;1;196.1726429;220.5048407;0.889652319
702;Singapore;2015;30;2;283.1169463;281.6560371;1.005186856
702;Singapore;2015;35;1;208.0365385;218.4231869;0.952447135
702;Singapore;2015;35;2;273.4680266;282.1194364;0.96933423
702;Singapore;2015;40;1;192.9227455;220.529862;0.874814611
702;Singapore;2015;40;2;270.9770755;279.7219405;0.968737293
702;Singapore;2015;45;1;198.105203;217.6583691;0.910165797
702;Singapore;2015;45;2;269.2401799;275.6841011;0.976625706
702;Singapore;2015;50;1;185.1466733;217.2121216;0.852377261
702;Singapore;2015;50;2;252.9167251;272.336376;0.928692409
702;Singapore;2015;55;1;180.8224115;212.5508421;0.850725453
702;Singapore;2015;55;2;248.3235912;268.3968391;0.925210565
702;Singapore;2015;60;1;172.0331676;211.9832538;0.811541311
702;Singapore;2015;60;2;243.5055858;265.4258749;0.917414649
703;Slovakia;2015;15;1;269.9420029;256.2964279;1.053241378
703;Slovakia;2015;15;2;275.7660317;274.7400014;1.00373455
703;Slovakia;2015;20;1;236.5598342;228.5203541;1.035180586
703;Slovakia;2015;20;2;284.245339;280.6633385;1.012762624
703;Slovakia;2015;25;1;231.7955066;221.9268472;1.044468074
703;Slovakia;2015;25;2;285.1604302;284.0089092;1.004054524
703;Slovakia;2015;30;1;228.3219027;220.5048407;1.03545075
703;Slovakia;2015;30;2;285.0816599;281.6560371;1.012162433
703;Slovakia;2015;35;1;235.9872973;218.4231869;1.080413214
703;Slovakia;2015;35;2;288.4774867;282.1194364;1.022536733
703;Slovakia;2015;40;1;230.9432813;220.529862;1.047219996
703;Slovakia;2015;40;2;278.3978508;279.7219405;0.995266407
703;Slovakia;2015;45;1;236.01225;217.6583691;1.08432426
703;Slovakia;2015;45;2;277.2936237;275.6841011;1.005838286
703;Slovakia;2015;50;1;229.8771895;217.2121216;1.058307372
703;Slovakia;2015;50;2;275.680282;272.336376;1.012278587
703;Slovakia;2015;55;1;237.6992037;212.5508421;1.118316923
703;Slovakia;2015;55;2;274.0687721;268.3968391;1.021132637
703;Slovakia;2015;60;1;243.7200538;211.9832538;1.149713713
703;Slovakia;2015;60;2;274.7238729;265.4258749;1.035030488
705;Slovenia;2015;15;1;269.9546357;256.2964279;1.053290668
705;Slovenia;2015;15;2;272.447541;274.7400014;0.991655891
705;Slovenia;2015;20;1;254.3159589;228.5203541;1.112880994
705;Slovenia;2015;20;2;280.6882511;280.6633385;1.000088763
705;Slovenia;2015;25;1;227.2610112;221.9268472;1.024035686
705;Slovenia;2015;25;2;275.3863035;284.0089092;0.969639665
705;Slovenia;2015;30;1;230.1071642;220.5048407;1.043546996
705;Slovenia;2015;30;2;271.443866;281.6560371;0.963742403
705;Slovenia;2015;35;1;219.1363784;218.4231869;1.003265182
705;Slovenia;2015;35;2;270.4236571;282.1194364;0.958543164
705;Slovenia;2015;40;1;224.2347826;220.529862;1.016800086
705;Slovenia;2015;40;2;266.9934244;279.7219405;0.954495825
705;Slovenia;2015;45;1;221.9549822;217.6583691;1.01974017
705;Slovenia;2015;45;2;262.0648839;275.6841011;0.950598467
705;Slovenia;2015;50;1;212.8546552;217.2121216;0.979939119
705;Slovenia;2015;50;2;253.4274387;272.336376;0.930567713
705;Slovenia;2015;55;1;209.094877;212.5508421;0.983740525
705;Slovenia;2015;55;2;244.4847507;268.3968391;0.910907712
705;Slovenia;2015;60;1;217.2551758;211.9832538;1.024869521
705;Slovenia;2015;60;2;245.4449792;265.4258749;0.924721372
724;Spain;2015;15;1;253.1956948;256.2964279;0.98790177
724;Spain;2015;15;2;284.2220018;274.7400014;1.034512631
724;Spain;2015;20;1;239.871768;228.5203541;1.049673536
724;Spain;2015;20;2;282.6020323;280.6633385;1.006907542
724;Spain;2015;25;1;236.8970723;221.9268472;1.067455674
724;Spain;2015;25;2;277.8780288;284.0089092;0.97841307
724;Spain;2015;30;1;236.7810897;220.5048407;1.073813568
724;Spain;2015;30;2;276.703859;281.6560371;0.982417639
724;Spain;2015;35;1;236.3227238;218.4231869;1.081948886
724;Spain;2015;35;2;278.4724816;282.1194364;0.987073011
724;Spain;2015;40;1;237.958644;220.529862;1.079031392
724;Spain;2015;40;2;271.9147934;279.7219405;0.972089615
724;Spain;2015;45;1;237.0501149;217.6583691;1.089092581
724;Spain;2015;45;2;274.5514645;275.6841011;0.995891542
724;Spain;2015;50;1;223.1533989;217.2121216;1.02735242
724;Spain;2015;50;2;264.9289687;272.336376;0.972800522
724;Spain;2015;55;1;217.8927367;212.5508421;1.025132314
724;Spain;2015;55;2;254.4936657;268.3968391;0.948199191
724;Spain;2015;60;1;216.352668;211.9832538;1.020612072
724;Spain;2015;60;2;257.0146394;265.4258749;0.968310417
752;Sweden;2015;15;1;268.6922239;256.2964279;1.048365075
752;Sweden;2015;15;2;287.4043836;274.7400014;1.04609588
752;Sweden;2015;20;1;260.4742603;228.5203541;1.139829585
752;Sweden;2015;20;2;301.4736827;280.6633385;1.074146999
752;Sweden;2015;25;1;250.5810793;221.9268472;1.129115664
752;Sweden;2015;25;2;298.3763376;284.0089092;1.05058795
752;Sweden;2015;30;1;240.8595213;220.5048407;1.09230945
752;Sweden;2015;30;2;295.5217312;281.6560371;1.049229174
752;Sweden;2015;35;1;213.970484;218.4231869;0.979614331
752;Sweden;2015;35;2;300.2804685;282.1194364;1.064373559
752;Sweden;2015;40;1;241.1904389;220.529862;1.093686074
752;Sweden;2015;40;2;293.1939885;279.7219405;1.048162286
752;Sweden;2015;45;1;243.7842923;217.6583691;1.120031788
752;Sweden;2015;45;2;285.8012651;275.6841011;1.036698395
752;Sweden;2015;50;1;237.2725971;217.2121216;1.092354309
752;Sweden;2015;50;2;280.4063378;272.336376;1.029632332
752;Sweden;2015;55;1;243.5695271;212.5508421;1.145935366
752;Sweden;2015;55;2;279.1563582;268.3968391;1.040088099
752;Sweden;2015;60;1;234.9524292;211.9832538;1.108353726
752;Sweden;2015;60;2;267.8624358;265.4258749;1.009179817
792;Turkey;2015;15;1;230.5396594;256.2964279;0.899503989
792;Turkey;2015;15;2;248.8136552;274.7400014;0.905633158
792;Turkey;2015;20;1;224.3891023;228.5203541;0.981921734
792;Turkey;2015;20;2;245.5569688;280.6633385;0.874916439
792;Turkey;2015;25;1;221.4852024;221.9268472;0.998009953
792;Turkey;2015;25;2;251.7500577;284.0089092;0.886416058
792;Turkey;2015;30;1;217.7978683;220.5048407;0.98772375
792;Turkey;2015;30;2;254.4974457;281.6560371;0.903575326
792;Turkey;2015;35;1;213.2742064;218.4231869;0.976426585
792;Turkey;2015;35;2;250.4920401;282.1194364;0.887893593
792;Turkey;2015;40;1;215.3107399;220.529862;0.976333717
792;Turkey;2015;40;2;248.7023108;279.7219405;0.889105482
792;Turkey;2015;45;1;217.9175957;217.6583691;1.001190979
792;Turkey;2015;45;2;251.7957087;275.6841011;0.913348676
792;Turkey;2015;50;1;207.141875;217.2121216;0.953638653
792;Turkey;2015;50;2;248.221846;272.336376;0.911453143
792;Turkey;2015;55;1;196.4799981;212.5508421;0.924390589
792;Turkey;2015;55;2;248.6393493;268.3968391;0.926387025
792;Turkey;2015;60;1;193.5455904;211.9832538;0.913023019
792;Turkey;2015;60;2;240.941399;265.4258749;0.907753998
804;Ukraine;2015;15;1;263.7185009;256.2964279;1.02895894
804;Ukraine;2015;15;2;257.5566191;274.7400014;0.937455841
804;Ukraine;2015;20;1;254.7593602;228.5203541;1.114821309
804;Ukraine;2015;20;2;273.5890452;280.6633385;0.974794381
804;Ukraine;2015;25;1;221.8235198;221.9268472;0.999534408
804;Ukraine;2015;25;2;262.6534791;284.0089092;0.924807182
804;Ukraine;2015;30;1;247.0487622;220.5048407;1.120377954
804;Ukraine;2015;30;2;260.9560448;281.6560371;0.92650613
804;Ukraine;2015;35;1;243.5923964;218.4231869;1.1152314
804;Ukraine;2015;35;2;262.661808;282.1194364;0.931030529
804;Ukraine;2015;40;1;246.9947181;220.529862;1.120005771
804;Ukraine;2015;40;2;264.9627002;279.7219405;0.947236029
804;Ukraine;2015;45;1;158.3604215;217.6583691;0.727564128
804;Ukraine;2015;45;2;253.96277;275.6841011;0.921209344
804;Ukraine;2015;50;1;278.3588124;217.2121216;1.281506807
804;Ukraine;2015;50;2;256.9092936;272.336376;0.943352839
804;Ukraine;2015;55;1;220.4657031;212.5508421;1.037237495
804;Ukraine;2015;55;2;261.8964147;268.3968391;0.975780548
804;Ukraine;2015;60;1;197.9601413;211.9832538;0.933848017
804;Ukraine;2015;60;2;254.767963;265.4258749;0.959845995
826;United Kingdom of Great Britain and Northern Ireland;2015;15;1;235.5153545;256.2964279;0.918917819
826;United Kingdom of Great Britain and Northern Ireland;2015;15;2;274.0673939;274.7400014;0.99755184
826;United Kingdom of Great Britain and Northern Ireland;2015;20;1;237.4253463;228.5203541;1.038968048
826;United Kingdom of Great Britain and Northern Ireland;2015;20;2;278.5424164;280.6633385;0.992443181
826;United Kingdom of Great Britain and Northern Ireland;2015;25;1;237.6664349;221.9268472;1.070922414
826;United Kingdom of Great Britain and Northern Ireland;2015;25;2;288.8129068;284.0089092;1.016914954
826;United Kingdom of Great Britain and Northern Ireland;2015;30;1;264.0299273;220.5048407;1.197388349
826;United Kingdom of Great Britain and Northern Ireland;2015;30;2;287.5286341;281.6560371;1.020850244
826;United Kingdom of Great Britain and Northern Ireland;2015;35;1;243.4801126;218.4231869;1.114717334
826;United Kingdom of Great Britain and Northern Ireland;2015;35;2;291.7274471;282.1194364;1.034056536
826;United Kingdom of Great Britain and Northern Ireland;2015;40;1;261.1801578;220.529862;1.184330119
826;United Kingdom of Great Britain and Northern Ireland;2015;40;2;287.2595545;279.7219405;1.02694681
826;United Kingdom of Great Britain and Northern Ireland;2015;45;1;248.1033915;217.6583691;1.139875267
826;United Kingdom of Great Britain and Northern Ireland;2015;45;2;285.3757261;275.6841011;1.03515482
826;United Kingdom of Great Britain and Northern Ireland;2015;50;1;246.4482664;217.2121216;1.134597206
826;United Kingdom of Great Britain and Northern Ireland;2015;50;2;280.1378014;272.336376;1.028646285
826;United Kingdom of Great Britain and Northern Ireland;2015;55;1;256.9210944;212.5508421;1.208751242
826;United Kingdom of Great Britain and Northern Ireland;2015;55;2;275.6942727;268.3968391;1.02718897
826;United Kingdom of Great Britain and Northern Ireland;2015;60;1;257.497953;211.9832538;1.214708938
826;United Kingdom of Great Britain and Northern Ireland;2015;60;2;280.0102058;265.4258749;1.054946907
840;United States of America;2015;15;1;260.8041932;256.2964279;1.017588092
840;United States of America;2015;15;2;271.6359881;274.7400014;0.988701997
840;United States of America;2015;20;1;227.3093533;228.5203541;0.994700688
840;United States of America;2015;20;2;281.717017;280.6633385;1.003754244
840;United States of America;2015;25;1;221.733816;221.9268472;0.999130204
840;United States of America;2015;25;2;277.8583686;284.0089092;0.978343846
840;United States of America;2015;30;1;205.3239975;220.5048407;0.93115415
840;United States of America;2015;30;2;274.6199141;281.6560371;0.975018739
840;United States of America;2015;35;1;206.9806919;218.4231869;0.947613186
840;United States of America;2015;35;2;276.0561981;282.1194364;0.978508257
840;United States of America;2015;40;1;208.5552438;220.529862;0.945700695
840;United States of America;2015;40;2;274.5133409;279.7219405;0.981379367
840;United States of America;2015;45;1;202.6117182;217.6583691;0.930870331
840;United States of America;2015;45;2;269.7602249;275.6841011;0.978512086
840;United States of America;2015;50;1;207.6642009;217.2121216;0.956043334
840;United States of America;2015;50;2;270.3637375;272.336376;0.99275661
840;United States of America;2015;55;1;196.9405066;212.5508421;0.926557169
840;United States of America;2015;55;2;266.0298252;268.3968391;0.991180917
840;United States of America;2015;60;1;202.5741355;211.9832538;0.955613861
840;United States of America;2015;60;2;268.23968;265.4258749;1.010601096
704;Viet Nam;2015;15;1;201.5727708;256.2964279;0.78648295
704;Viet Nam;2015;15;2;223.3520306;274.7400014;0.812957813
704;Viet Nam;2015;20;1;179.0088919;228.5203541;0.78333894
704;Viet Nam;2015;20;2;219.4676575;280.6633385;0.781960546
704;Viet Nam;2015;25;1;157.22375;221.9268472;0.708448536
704;Viet Nam;2015;25;2;212.1272762;284.0089092;0.746903598
704;Viet Nam;2015;30;1;153.5138774;220.5048407;0.696192777
704;Viet Nam;2015;30;2;209.52534;281.6560371;0.74390502
704;Viet Nam;2015;35;1;156.1083436;218.4231869;0.714705915
704;Viet Nam;2015;35;2;207.3333314;282.1194364;0.734913319
704;Viet Nam;2015;40;1;144.3483409;220.529862;0.654552357
704;Viet Nam;2015;40;2;203.6111123;279.7219405;0.727905405
704;Viet Nam;2015;45;1;146.3046898;217.6583691;0.672175807
704;Viet Nam;2015;45;2;195.5824156;275.6841011;0.709443943
704;Viet Nam;2015;50;1;147.4733113;217.2121216;0.678936839
704;Viet Nam;2015;50;2;195.4759197;272.336376;0.717773815
704;Viet Nam;2015;55;1;140.5472984;212.5508421;0.661240845
704;Viet Nam;2015;55;2;194.4118195;268.3968391;0.724344669
704;Viet Nam;2015;60;1;143.0126658;211.9832538;0.674641337
704;Viet Nam;2015;60;2;194.3819743;265.4258749;0.732339959
